STATE,DISTRICT,ISSUE
AK,Senate,SWC candidate NOT in JSON: Mary Peltola (D) [slug: mary---peltola]
AK,At-Large,JSON candidate NOT on SWC: Mary Peltola (D) [slug: mary---peltola]
AL,Senate,JSON candidate NOT on SWC: Morgan Murphy (R) [slug: morgan---murphy]
AL,Senate,SWC candidate NOT in JSON: Barry Moore (R) [slug: barry---moore]
AL,Senate,Name mismatch (same slug 'matthew---burton'): JSON='Matthew Burton' SWC='Seth Burton'
AL,1,JSON candidate NOT on SWC: Barry Moore (R) [slug: barry---moore]
AL,1,JSON candidate NOT on SWC: Ralph Mills III (R) [slug: ralph---mills]
AL,2,JSON candidate NOT on SWC: Jarmal Sanders (R) [slug: jarmal---sanders]
AL,3,Name mismatch (same slug 'victor---mcinnis'): JSON='Victor Mcinnis' SWC='Lee Mcinnis'
AL,4,SWC candidate NOT in JSON: Shane Weaver (D) [slug: shane---weaver]
AL,5,JSON candidate NOT on SWC: Joseph Terry (R) [slug: joseph---terry]
AL,6,JSON candidate NOT on SWC: Elizabeth Anderson (D) [slug: elizabeth---anderson]
AL,6,SWC candidate NOT in JSON: Keith Pilkington (D) [slug: keith---pilkington]
AR,Senate,Party mismatch for 'Jeffrey Wadlin': JSON=I SWC=?
AR,3,JSON candidate NOT on SWC: Diana Lawrence (D) [slug: diana---lawrence]
AZ,1,JSON candidate NOT on SWC: Gina Swoboda (R) [slug: gina---swoboda]
AZ,1,JSON candidate NOT on SWC: Andres Barraza (D) [slug: andres---barraza]
AZ,1,JSON candidate NOT on SWC: Paul Reevs (R) [slug: paul---reevs]
AZ,1,JSON candidate NOT on SWC: Angie Montoya (D) [slug: angie---montoya]
AZ,1,JSON candidate NOT on SWC: Jason Duey (R) [slug: jason---duey]
AZ,1,JSON candidate NOT on SWC: Brandon Sowers (R) [slug: brandon---sowers]
AZ,1,JSON candidate NOT on SWC: Brian Del Vecchio (D) [slug: brian---delvecchio]
AZ,1,JSON candidate NOT on SWC: Kaitlin Purrington (R) [slug: kaitlin---purrington]
AZ,1,JSON candidate NOT on SWC: Brandon Donnelly (D) [slug: brandon---donnelly]
AZ,1,SWC candidate NOT in JSON: Jay Feely (R) [slug: thomas---feely]
AZ,1,SWC candidate NOT in JSON: David Redkey (?) [slug: david---redkey]
AZ,3,JSON candidate NOT on SWC: Kirt Burgess (R) [slug: kirt---burgess]
AZ,4,JSON candidate NOT on SWC: Jerone Davison (R) [slug: jerone---davison]
AZ,4,JSON candidate NOT on SWC: Andromeda Crum (I) [slug: andromeda---crum]
AZ,5,JSON candidate NOT on SWC: Mike Gross (R) [slug: mike---gross]
AZ,5,JSON candidate NOT on SWC: Thomas Feely (R) [slug: thomas---feely]
AZ,5,JSON candidate NOT on SWC: Alex Stovall (R) [slug: alex---stovall]
AZ,6,JSON candidate NOT on SWC: Carter Weeks (D) [slug: carter---weeks]
AZ,6,JSON candidate NOT on SWC: Mo Goldman (D) [slug: mo---goldman]
AZ,6,JSON candidate NOT on SWC: Trevor Dickerson (I) [slug: trevor---dickerson]
AZ,7,SWC candidate NOT in JSON: Daniel Butierez (R) [slug: daniel---butierez]
AZ,8,JSON candidate NOT on SWC: Jessie Martines (D) [slug: jessie---martines]
AZ,8,JSON candidate NOT on SWC: Maria Flores (D) [slug: maria---flores]
AZ,9,JSON candidate NOT on SWC: Camelia Ward (D) [slug: camelia---ward]
AZ,9,JSON candidate NOT on SWC: Teresa Volesky (R) [slug: teresa---volesky]
CA,Senate,JSON candidate NOT on SWC: Alander Pulliam (I) [slug: alander---pulliam]
CA,1,JSON candidate NOT on SWC: James Brock (D) [slug: james---brock]
CA,1,JSON candidate NOT on SWC: James Salegui (D) [slug: james---salegui]
CA,1,SWC candidate NOT in JSON: Kyle Wilson (D) [slug: kyle---wilson]
CA,2,SWC candidate NOT in JSON: Nicolette Hahn (I) [slug: nicolette---hahn]
CA,2,SWC candidate NOT in JSON: Paul Saulsbury (R) [slug: paul---saulsbury]
CA,3,JSON candidate NOT on SWC: Kevin Kiley (R) [slug: kevin---kiley]
CA,3,SWC candidate NOT in JSON: Ami Bera (D) [slug: ami---bera]
CA,3,SWC candidate NOT in JSON: Christopher Bennett (D) [slug: christopher---bennett]
CA,4,JSON candidate NOT on SWC: Mandy Ghusar (R) [slug: mandy---ghusar]
CA,4,JSON candidate NOT on SWC: Trevor Merrell (D) [slug: trevor---merrell]
CA,4,JSON candidate NOT on SWC: Sharon Brown (R) [slug: sharon---brown]
CA,4,JSON candidate NOT on SWC: Laurie Mackenzie (R) [slug: laurie---mackenzie]
CA,5,JSON candidate NOT on SWC: Katelyn Sills (D) [slug: katelyn---sills]
CA,5,JSON candidate NOT on SWC: Paul Danbom (D) [slug: paul---danbom]
CA,6,JSON candidate NOT on SWC: Christopher Bennett (D) [slug: christopher---bennett]
CA,6,JSON candidate NOT on SWC: Ami Bera (D) [slug: ami---bera]
CA,6,JSON candidate NOT on SWC: Raymond Riehle (R) [slug: raymond---a---riehle]
CA,7,JSON candidate NOT on SWC: Kathryn Ming (R) [slug: kathryn---ming]
CA,8,JSON candidate NOT on SWC: Harinder Lamba (D) [slug: harinder---lamba]
CA,9,JSON candidate NOT on SWC: James Shoemaker (R) [slug: james---shoemaker]
CA,9,JSON candidate NOT on SWC: Parminder Singh (R) [slug: parminder---singh]
CA,10,JSON candidate NOT on SWC: Jeffrey Frese (R) [slug: jeffrey---frese]
CA,10,JSON candidate NOT on SWC: Joshua Hamilton (D) [slug: joshua---hamilton]
CA,11,JSON candidate NOT on SWC: Darren Helton (D) [slug: darren---helton]
CA,11,JSON candidate NOT on SWC: Daniel Wheeler (D) [slug: daniel---wheeler]
CA,11,SWC candidate NOT in JSON: Nathan Deer (I) [slug: nathan---deer]
CA,13,JSON candidate NOT on SWC: Javier Lopez (R) [slug: javier---lopez]
CA,14,JSON candidate NOT on SWC: Rakhi Israni (D) [slug: rakhi---israni]
CA,14,JSON candidate NOT on SWC: Abrar Qadir (D) [slug: abrar---qadir]
CA,14,SWC candidate NOT in JSON: Dr. Wahab (D) [slug: dr---wahab]
CA,15,JSON candidate NOT on SWC: Anna Kramer (R) [slug: anna---cheng---kramer]
CA,16,JSON candidate NOT on SWC: Kevin Johnson (R) [slug: kevin---johnson]
CA,17,SWC candidate NOT in JSON: Ethan Agarwal (D) [slug: ethan---agarwal]
CA,18,JSON candidate NOT on SWC: Ryan Guerrero (D) [slug: ryan---guerrero]
CA,19,JSON candidate NOT on SWC: Ana Acevedo-Cabrera (I) [slug: ana---acevedo-cabrera]
CA,19,Party mismatch for 'Sean Dougherty': JSON=I SWC=?
CA,20,JSON candidate NOT on SWC: Carol Roper (D) [slug: carol---roper]
CA,20,SWC candidate NOT in JSON: Ben Dewell (I) [slug: ben---dewell]
CA,21,JSON candidate NOT on SWC: Lourin Hubbard (D) [slug: lourin---hubbard]
CA,22,JSON candidate NOT on SWC: Rudy Salas (D) [slug: rudy---salas]
CA,23,JSON candidate NOT on SWC: David Jones (D) [slug: david---jones]
CA,23,JSON candidate NOT on SWC: Paul Chakalian (D) [slug: paul---chakalian]
CA,23,SWC candidate NOT in JSON: Eli Owens (I) [slug: eli---owens]
CA,25,JSON candidate NOT on SWC: John Kesselmark II (R) [slug: john---kesselmark]
CA,26,JSON candidate NOT on SWC: Kyle Langford (D) [slug: kyle---langford]
CA,26,JSON candidate NOT on SWC: Crystal Golden (R) [slug: crystal---golden]
CA,26,JSON candidate NOT on SWC: Kyle Rohrbach (D) [slug: kyle---rohrbach]
CA,26,JSON candidate NOT on SWC: Sonia Devgan-Kacker (D) [slug: sonia---devgan-kacker]
CA,28,JSON candidate NOT on SWC: Michael Tucker II (D) [slug: michael---tucker]
CA,30,JSON candidate NOT on SWC: Nick Melvoin (D) [slug: nick---melvoin]
CA,30,JSON candidate NOT on SWC: Darrell Reeves (D) [slug: darrell---reeves]
CA,30,JSON candidate NOT on SWC: Alan Starzinski Jr (D) [slug: alan---starzinski]
CA,30,SWC candidate NOT in JSON: Joel Lava (D) [slug: joel---lava]
CA,34,JSON candidate NOT on SWC: Vivian Nguyen (I) [slug: vivian---nguyen]
CA,34,SWC candidate NOT in JSON: Calvin Lee (R) [slug: calvin---lee]
CA,35,JSON candidate NOT on SWC: Wh Lane (D) [slug: wh---lane]
CA,36,JSON candidate NOT on SWC: Ivan Perkins (D) [slug: ivan---perkins]
CA,37,SWC candidate NOT in JSON: Steve Hill (I) [slug: steve---hill]
CA,38,JSON candidate NOT on SWC: Thomas Adams-Falconer Jr. (D) [slug: thomas---adams-falconer]
CA,38,SWC candidate NOT in JSON: Erik Lutz (D) [slug: erik---lutz]
CA,40,JSON candidate NOT on SWC: Paula Swift (D) [slug: paula---swift]
CA,40,JSON candidate NOT on SWC: Perry Meade (D) [slug: perry---meade]
CA,40,JSON candidate NOT on SWC: Tiffanie Tate (D) [slug: tiffanie---tate]
CA,40,JSON candidate NOT on SWC: Christina Gagnier (D) [slug: christina---gagnier]
CA,40,SWC candidate NOT in JSON: Ken Calvert (R) [slug: ken---calvert]
CA,41,JSON candidate NOT on SWC: Jason Byors (D) [slug: jason---byors]
CA,41,JSON candidate NOT on SWC: Tim Myers (D) [slug: tim---myers]
CA,41,JSON candidate NOT on SWC: Ken Calvert (R) [slug: ken---calvert]
CA,41,JSON candidate NOT on SWC: Ferguson Porter (D) [slug: ferguson---porter]
CA,41,JSON candidate NOT on SWC: Gale Lawton (D) [slug: gale---lawton]
CA,42,JSON candidate NOT on SWC: Philip Turek (R) [slug: philip---turek]
CA,42,SWC candidate NOT in JSON: Larisa Vermeulen (I) [slug: larisa---vermeulen]
CA,43,JSON candidate NOT on SWC: Myla Rahman (D) [slug: myla---rahman]
CA,45,JSON candidate NOT on SWC: Thomas Ky-Phong Vo (R) [slug: thomas---ky-phongvo]
CA,47,JSON candidate NOT on SWC: Derrick Reid (I) [slug: derrick---reid]
CA,47,SWC candidate NOT in JSON: Brian Burley (R) [slug: brian---j---burley]
CA,48,JSON candidate NOT on SWC: Darrell Issa (R) [slug: darrell---issa]
CA,48,JSON candidate NOT on SWC: Suzanne Till (D) [slug: suzanne---till]
CA,48,JSON candidate NOT on SWC: Curtis Morrison (D) [slug: curtis---morrison]
CA,48,JSON candidate NOT on SWC: Marc Iannarino (D) [slug: marc---iannarino]
CA,48,JSON candidate NOT on SWC: Michael Bucy (I) [slug: michael---bucy]
CA,48,JSON candidate NOT on SWC: Anuj Dixit (D) [slug: anuj---dixit]
CA,48,SWC candidate NOT in JSON: Ferguson Porter (D) [slug: ferguson---porter]
CA,49,JSON candidate NOT on SWC: Jim Desmond (R) [slug: jim---desmond]
CA,50,JSON candidate NOT on SWC: Adam Huntington (R) [slug: adam---huntington]
CO,Senate,JSON candidate NOT on SWC: Jessica Williams (D) [slug: jessica---williams]
CO,Senate,JSON candidate NOT on SWC: Brashad Hasley (D) [slug: brashad---hasley]
CO,Senate,JSON candidate NOT on SWC: Dathan Jones (R) [slug: dathan---jones]
CO,Senate,JSON candidate NOT on SWC: Sean Pond (R) [slug: sean---pond]
CO,Senate,JSON candidate NOT on SWC: Karen Breslin (D) [slug: karen---r---breslin]
CO,1,JSON candidate NOT on SWC: Christopher Oldfield (D) [slug: christopher---oldfield]
CO,1,JSON candidate NOT on SWC: Gregory Cutlip Jr (R) [slug: gregory---cutlip]
CO,1,JSON candidate NOT on SWC: Santiago Palomino (D) [slug: santiago---palomino]
CO,2,JSON candidate NOT on SWC: Cinque Mason (D) [slug: cinque---mason]
CO,2,JSON candidate NOT on SWC: Christina Blunt (R) [slug: christina---blunt]
CO,3,JSON candidate NOT on SWC: Hope Scheppelman (R) [slug: hope---scheppelman]
CO,4,JSON candidate NOT on SWC: Jenna Preston (D) [slug: jenna---preston]
CO,4,JSON candidate NOT on SWC: Eric San Felipe (R) [slug: eric---sanfelipe]
CO,4,JSON candidate NOT on SWC: Timothy Veldhuizen (I) [slug: timothy---veldhuizen]
CO,5,JSON candidate NOT on SWC: Matthew Cavanaugh (D) [slug: matthew---cavanaugh]
CO,5,JSON candidate NOT on SWC: Joseph Reagan (D) [slug: joseph---reagan]
CO,5,JSON candidate NOT on SWC: Jusice Lord (D) [slug: jusice---lord]
CO,5,JSON candidate NOT on SWC: Steven Fuller (I) [slug: steven---fuller]
CO,5,JSON candidate NOT on SWC: Zurit Horowitz (D) [slug: zurit---horowitz]
CO,5,JSON candidate NOT on SWC: River Gassen (D) [slug: river---gassen]
CO,5,JSON candidate NOT on SWC: Justice Lord (D) [slug: justice---lord]
CO,6,JSON candidate NOT on SWC: Samir Witta (I) [slug: samir---witta]
CO,6,JSON candidate NOT on SWC: Travis Dishon (D) [slug: travis---dishon]
CO,7,JSON candidate NOT on SWC: Timothy Bennett (R) [slug: timothy---bennett]
CO,8,JSON candidate NOT on SWC: Yadira Caraveo (D) [slug: yadira---caraveo]
CO,8,JSON candidate NOT on SWC: David Young (D) [slug: david---young]
CO,8,JSON candidate NOT on SWC: Daniel Hassler (D) [slug: daniel---hassler]
CT,1,JSON candidate NOT on SWC: Jack Perry (D) [slug: jack---perry]
CT,2,JSON candidate NOT on SWC: Stephen Morgan (D) [slug: stephen---morgan]
CT,3,JSON candidate NOT on SWC: Damjan Denoble (D) [slug: damjan---denoble]
CT,3,SWC candidate NOT in JSON: Rafael Irizarry (R) [slug: rafael---irizarry]
CT,4,JSON candidate NOT on SWC: John Flynn (R) [slug: john--flynn]
CT,4,SWC candidate NOT in JSON: Daniel Miressi (R) [slug: daniel---miressi]
DC,At-Large,JSON candidate NOT on SWC: Denise Rosado (R) [slug: denise---rosado]
DC,At-Large,JSON candidate NOT on SWC: Sylvia Randolph (R) [slug: sylvia---randolph]
DC,At-Large,JSON candidate NOT on SWC: Michael Smith (D) [slug: michael---smith]
DC,At-Large,JSON candidate NOT on SWC: Sandi Stevens (D) [slug: sandi---stevens]
DC,At-Large,JSON candidate NOT on SWC: Jacque Patterson Sr (D) [slug: jacque---patterson]
DC,At-Large,JSON candidate NOT on SWC: Brian Ready (D) [slug: brian---ready]
DC,At-Large,JSON candidate NOT on SWC: Samuel Greenfield (D) [slug: samuel---greenfield]
DC,At-Large,JSON candidate NOT on SWC: Gordon Chaffin (D) [slug: gordon---chaffin]
DC,At-Large,JSON candidate NOT on SWC: Artemus Eden (I) [slug: artemus---eden]
DE,Senate,JSON candidate NOT on SWC: Dexter Bland (I) [slug: dexter---bland]
DE,At-Large,SWC candidate NOT in JSON: Earl Cooper (R) [slug: earl---cooper]
FL,Senate,JSON candidate NOT on SWC: Tamika Lyles (D) [slug: tamika---lyles]
FL,Senate,JSON candidate NOT on SWC: Joshua Weil (D) [slug: joshua---weil]
FL,Senate,JSON candidate NOT on SWC: Jennifer Jenkins (D) [slug: jennifer---jenkins]
FL,Senate,JSON candidate NOT on SWC: Angie Windhauser (R) [slug: angie---windhauser]
FL,Senate,SWC candidate NOT in JSON: Ashley Baptiste (R) [slug: ashley---baptiste]
FL,Senate,SWC candidate NOT in JSON: Paul Cruz (D) [slug: paul---cruz]
FL,Senate,SWC candidate NOT in JSON: Neil Gilespie (I) [slug: neil---gilespie]
FL,2,JSON candidate NOT on SWC: Luke Murphy (R) [slug: luke---murphy]
FL,2,JSON candidate NOT on SWC: Jim Norton (R) [slug: jim---norton]
FL,2,JSON candidate NOT on SWC: George Hensarling IV (R) [slug: george---hensarling]
FL,3,JSON candidate NOT on SWC: Angela Wiman (I) [slug: angela---wiman]
FL,3,JSON candidate NOT on SWC: Troy Albers (D) [slug: troy---albers]
FL,3,JSON candidate NOT on SWC: George Hubac (D) [slug: george---hubac]
FL,4,JSON candidate NOT on SWC: Michael Kirwan (D) [slug: michael---kirwan]
FL,4,JSON candidate NOT on SWC: Anthony Valerio (R) [slug: anthony---valerio]
FL,5,JSON candidate NOT on SWC: David Drew (D) [slug: david---drew]
FL,5,JSON candidate NOT on SWC: Donald Muirheid (R) [slug: donald---muirheid]
FL,6,JSON candidate NOT on SWC: Will Furry (R) [slug: will---furry]
FL,6,JSON candidate NOT on SWC: Aaron Baker (R) [slug: aaron---baker]
FL,7,JSON candidate NOT on SWC: Michael Johnson (R) [slug: michael---johnson]
FL,7,JSON candidate NOT on SWC: Benjamin Ewers (D) [slug: benjamin---ewers]
FL,7,JSON candidate NOT on SWC: Sarah Ulrich (R) [slug: sarah---ulrich]
FL,7,JSON candidate NOT on SWC: Cory Mills (R) [slug: cory---mills]
FL,9,JSON candidate NOT on SWC: Gregory Carter (R) [slug: gregory---carter]
FL,9,JSON candidate NOT on SWC: Howard Rance (R) [slug: howard---rance]
FL,11,JSON candidate NOT on SWC: Ivette Palomo (R) [slug: ivette---palomo]
FL,11,JSON candidate NOT on SWC: Royal Webster (D) [slug: royal---webster]
FL,12,JSON candidate NOT on SWC: Branden Scrivener (I) [slug: branden---scrivener]
FL,13,JSON candidate NOT on SWC: Karla Kemp (D) [slug: karla---kemp]
FL,13,JSON candidate NOT on SWC: John Fay (D) [slug: john---fay]
FL,13,JSON candidate NOT on SWC: Timothy Robinson (D) [slug: timothy---robinson]
FL,13,JSON candidate NOT on SWC: Reginald Paros (D) [slug: reginald---paros]
FL,13,JSON candidate NOT on SWC: Fatima Aguerjout (D) [slug: fatima---aguerjout]
FL,13,JSON candidate NOT on SWC: Susan Leff (D) [slug: susan---leff]
FL,14,JSON candidate NOT on SWC: Ergin Tek (R) [slug: ergin---tek]
FL,14,JSON candidate NOT on SWC: John Wick (R) [slug: john---wick]
FL,14,JSON candidate NOT on SWC: Erik Mishiyev (R) [slug: erik---mishiyev]
FL,15,JSON candidate NOT on SWC: Darren Mcauley (D) [slug: darren---mcauley]
FL,16,JSON candidate NOT on SWC: John Peters (R) [slug: john---peters]
FL,18,JSON candidate NOT on SWC: Tiffanie Luong (D) [slug: tiffanie---luong]
FL,19,JSON candidate NOT on SWC: Jared Kane (D) [slug: jared---kane]
FL,19,JSON candidate NOT on SWC: Stephen Elliott (R) [slug: stephen---elliott]
FL,19,JSON candidate NOT on SWC: Ola Hawatmeh (R) [slug: ola---hawatmeh]
FL,19,JSON candidate NOT on SWC: Louis Shenker (R) [slug: louis---shenker]
FL,19,SWC candidate NOT in JSON: Madison Cawthorn (R) [slug: david---cawthorn]
FL,19,SWC candidate NOT in JSON: Chris Collins (R) [slug: chris---collins]
FL,20,JSON candidate NOT on SWC: Kedner Maxime (I) [slug: kedner---maxime]
FL,20,JSON candidate NOT on SWC: Sendra Dorce (R) [slug: sendra---dorce]
FL,20,JSON candidate NOT on SWC: Kevin Mcclellan (I) [slug: kevin---mcclellan]
FL,20,SWC candidate NOT in JSON: Luther Campbell (D) [slug: luther---campbell]
FL,21,JSON candidate NOT on SWC: Edward Oconnor (D) [slug: edward---oconnor]
FL,22,JSON candidate NOT on SWC: Anna Medvedeva (R) [slug: anna---medvedeva]
FL,22,JSON candidate NOT on SWC: Steven Crowley (R) [slug: steven---crowley]
FL,23,Slug mismatch for 'Raven Harrison': JSON slug='raven---harrison---FL' SWC slug='raven---harrison'
FL,23,JSON candidate NOT on SWC: Jared Gurfein (R) [slug: jared---gurfein]
FL,26,SWC candidate NOT in JSON: Nicole Locklin (D) [slug: nicole---locklin]
FL,28,JSON candidate NOT on SWC: Thomas Campione Jr (D) [slug: thomas---campione]
GA,Senate,JSON candidate NOT on SWC: Kia Legette (D) [slug: kia---legette]
GA,Senate,JSON candidate NOT on SWC: John King (R) [slug: john---king]
GA,Senate,JSON candidate NOT on SWC: Chelsae Pile (R) [slug: chelsae---pile]
GA,Senate,SWC candidate NOT in JSON: Mike Collins Jr (R) [slug: mike---collins]
GA,Senate,SWC candidate NOT in JSON: Buddy Carter (R) [slug: earl---carter]
GA,Senate,SWC candidate NOT in JSON: Marquett Burton (R) [slug: marquett---burton]
GA,Senate,SWC candidate NOT in JSON: John Coyne III (R) [slug: john---coyne---GA]
GA,Senate,SWC candidate NOT in JSON: Jonathan Mccolumn (R) [slug: jonathan---mccolumn]
GA,1,JSON candidate NOT on SWC: Patrick Wilver (D) [slug: patrick---wilver]
GA,1,JSON candidate NOT on SWC: Dylan Castillo (I) [slug: dylan---castillo]
GA,1,JSON candidate NOT on SWC: Matt Day (R) [slug: matt---day]
GA,1,JSON candidate NOT on SWC: Buddy Carter (R) [slug: earl---carter]
GA,1,"JSON candidate NOT on SWC: Monte, Monteleone (R) [slug: monte---monteleone]"
GA,1,JSON candidate NOT on SWC: Sharon Stokes-Williamson (D) [slug: sharon---stokes-williamson]
GA,1,SWC candidate NOT in JSON: Randy Zurcher (D) [slug: randy---zurcher]
GA,2,JSON candidate NOT on SWC: Brandon Daley (I) [slug: brandon---daley]
GA,3,JSON candidate NOT on SWC: Adrienne Buhacoff (D) [slug: adrienne---buhacoff]
GA,4,JSON candidate NOT on SWC: Tania Booth (D) [slug: tania---booth]
GA,5,JSON candidate NOT on SWC: Andres Castro (D) [slug: andres---castro]
GA,6,JSON candidate NOT on SWC: Iris Medina-Elston (D) [slug: iris---medina-elston]
GA,6,JSON candidate NOT on SWC: Justin Pinker (R) [slug: justin---pinker]
GA,7,JSON candidate NOT on SWC: Larry Long (D) [slug: larry---long]
GA,7,JSON candidate NOT on SWC: Stephen Barfield (R) [slug: stephen---barfield]
GA,7,JSON candidate NOT on SWC: Casey Norton (D) [slug: casey---norton]
GA,7,SWC candidate NOT in JSON: Anthony Kozycki (D) [slug: anthony---kozycki]
GA,8,JSON candidate NOT on SWC: Roman Davis (I) [slug: roman---davis]
GA,8,JSON candidate NOT on SWC: Vince Watkins (D) [slug: vince--watkins]
GA,9,JSON candidate NOT on SWC: Caitlyn Gegen (D) [slug: caitlyn---gegen]
GA,10,JSON candidate NOT on SWC: Pamela Delancy (D) [slug: pamela---delancy]
GA,10,JSON candidate NOT on SWC: Ryan Millsap (R) [slug: ryan---millsap]
GA,10,JSON candidate NOT on SWC: Mike Collins Jr (R) [slug: mike---collins]
GA,10,SWC candidate NOT in JSON: Tabitha Johnson-Green (I) [slug: tabitha---johnson-green]
GA,11,JSON candidate NOT on SWC: Kenneth Korcak (D) [slug: kenneth---korcak]
GA,11,JSON candidate NOT on SWC: Christopher Vines (D) [slug: christopher---vines]
GA,11,JSON candidate NOT on SWC: Ellis Bachman (R) [slug: ellis---bachman]
GA,11,JSON candidate NOT on SWC: Dr. Cowan (R) [slug: dr---cowan]
GA,11,SWC candidate NOT in JSON: Tricia Pridemore (R) [slug: tricia---pridemore]
GA,12,JSON candidate NOT on SWC: Tracell Peace-Nichols (D) [slug: tracell---peace-nichols]
GA,12,JSON candidate NOT on SWC: Traci George (D) [slug: traci---george]
GA,12,JSON candidate NOT on SWC: Ceretta Smith (D) [slug: ceretta---smith]
GA,12,JSON candidate NOT on SWC: Robert Dixon (D) [slug: robert---dixon]
GA,12,JSON candidate NOT on SWC: Robert Stephens (D) [slug: robert---stephens]
GA,13,JSON candidate NOT on SWC: Ronald Mckenzie (D) [slug: ronald---mckenzie]
GA,13,JSON candidate NOT on SWC: Jonathan Bonner (D) [slug: jonathan---bonner]
GA,13,JSON candidate NOT on SWC: Pierre Whatley (D) [slug: pierre---whatley]
GA,13,JSON candidate NOT on SWC: Carlos Moore (D) [slug: carlos---moore]
GA,14,JSON candidate NOT on SWC: Megahn Strickland (R) [slug: megahn---strickland]
GA,14,JSON candidate NOT on SWC: Thomas Gray (R) [slug: thomas---gray]
GA,14,JSON candidate NOT on SWC: Eric Cunningham (R) [slug: eric---cunningham]
GA,14,JSON candidate NOT on SWC: Linvel Risner (R) [slug: linvel---risner]
GA,14,JSON candidate NOT on SWC: Rob Ruszkowski ( Rush ) (I) [slug: rob---ruszkowskirush]
GA,14,JSON candidate NOT on SWC: Timothy Brown (R) [slug: timothy---brown]
GA,14,JSON candidate NOT on SWC: Elvis Casely Jr (R) [slug: elvis---casely]
GA,14,JSON candidate NOT on SWC: Brian Stover (R) [slug: brian---stover]
GA,14,JSON candidate NOT on SWC: Jim Davis (D) [slug: jim---davis]
GA,14,JSON candidate NOT on SWC: Andrew Underwood (I) [slug: andrew---underwood]
GA,14,JSON candidate NOT on SWC: Jacqueline Wilmer (R) [slug: jacqueline---wilmer]
GA,14,JSON candidate NOT on SWC: Colton Moore (R) [slug: colton---moore]
GA,14,JSON candidate NOT on SWC: Benjamin Cope (R) [slug: benjamin---cope]
GA,14,JSON candidate NOT on SWC: Nicky Lama (R) [slug: nicky---lama]
GA,14,JSON candidate NOT on SWC: Jenna Turnipseed (R) [slug: jenna---turnipseed]
GA,14,JSON candidate NOT on SWC: Jonathan Hobbs (D) [slug: jonathan---hobbs]
GA,14,JSON candidate NOT on SWC: Jim Tully (R) [slug: jim---tully]
GA,14,JSON candidate NOT on SWC: Star Black (R) [slug: star---black]
GU,At-Large,JSON candidate NOT on SWC: Mary Torres (R) [slug: mary---torres]
HI,1,JSON candidate NOT on SWC: Benjamin Fatula (D) [slug: benjamin---fatula]
HI,1,SWC candidate NOT in JSON: Maxwell Frazier (R) [slug: maxwell---frazier]
IA,Senate,JSON candidate NOT on SWC: Ashley Arenholz (R) [slug: ashley---arenholz]
IA,Senate,JSON candidate NOT on SWC: Jackie Norris (D) [slug: jackie---norris]
IA,Senate,JSON candidate NOT on SWC: Nathan Sage (D) [slug: nathan---sage]
IA,Senate,JSON candidate NOT on SWC: James Scholten (D) [slug: james---scholten]
IA,Senate,SWC candidate NOT in JSON: Ashley Hinson (R) [slug: ashley---hinson]
IA,Senate,Party mismatch for 'Thomas Laehn': JSON=I SWC=?
IA,1,JSON candidate NOT on SWC: Taylor Wettach (D) [slug: taylor---wettach]
IA,2,JSON candidate NOT on SWC: Guy Morgan (D) [slug: guy---morgan]
IA,2,JSON candidate NOT on SWC: Kevin Techau (D) [slug: kevin---techau]
IA,2,JSON candidate NOT on SWC: Ashley Hinson (R) [slug: ashley---hinson]
IA,2,JSON candidate NOT on SWC: Charlie Mcclintock (R) [slug: charlie---mcclintock]
IA,2,JSON candidate NOT on SWC: Rodney Blum (R) [slug: rodney---blum]
IA,2,JSON candidate NOT on SWC: Shannon Lundgren (R) [slug: shannon---lundgren]
IA,3,JSON candidate NOT on SWC: Easton Wolfe (D) [slug: easton---wolfe]
IA,3,JSON candidate NOT on SWC: Jennifer Konfrst (D) [slug: jennifer---konfrst]
IA,4,JSON candidate NOT on SWC: Ryan Rhodes (R) [slug: ryan---rhodes]
IA,4,JSON candidate NOT on SWC: Christian Schlaefer (R) [slug: christian---schlaefer]
IA,4,JSON candidate NOT on SWC: Jermaine Decker (I) [slug: jermaine---decker]
IA,4,JSON candidate NOT on SWC: Ryan Melton (D) [slug: ryan---michaelappleton---melton]
IA,4,JSON candidate NOT on SWC: Matt Windschitl (R) [slug: matt---windschitl]
IA,4,JSON candidate NOT on SWC: Douglas Jensen (R) [slug: douglas---jensen]
IA,17,JSON candidate NOT on SWC: Wali Muhammad (D) [slug: wali---muhammad]
ID,1,JSON candidate NOT on SWC: Andy Briner (R) [slug: andy---briner]
ID,2,JSON candidate NOT on SWC: Elinor Gilbreath (D) [slug: elinor---gilbreath]
IL,Senate,JSON candidate NOT on SWC: Steve Botsford Jr (D) [slug: steve---botsford]
IL,Senate,JSON candidate NOT on SWC: R Capparelli (R) [slug: r---capparelli]
IL,Senate,JSON candidate NOT on SWC: Casimer Chlebek (R) [slug: casimer---chlebek]
IL,Senate,JSON candidate NOT on SWC: Pamela Long (R) [slug: pamela---long]
IL,Senate,JSON candidate NOT on SWC: Bryan Maxwell (D) [slug: bryan---maxwell]
IL,Senate,JSON candidate NOT on SWC: Adam Delgado (D) [slug: adam---delgado]
IL,Senate,JSON candidate NOT on SWC: Jeannie Evans (R) [slug: jeannie---evans]
IL,Senate,JSON candidate NOT on SWC: Jonathan Dean (D) [slug: jonathan---dean]
IL,Senate,JSON candidate NOT on SWC: Whitfield Harrington Jr (I) [slug: whitfield---harrington]
IL,Senate,JSON candidate NOT on SWC: Kevin Ryan (D) [slug: kevin---ryan]
IL,1,JSON candidate NOT on SWC: Errol Hewitt (D) [slug: errol---hewitt]
IL,2,JSON candidate NOT on SWC: Jesse Jackson Jr (D) [slug: jesse---jackson]
IL,2,JSON candidate NOT on SWC: Robert Peters (D) [slug: robert---peters]
IL,2,JSON candidate NOT on SWC: Calvin Coleman (R) [slug: calvin---coleman]
IL,2,JSON candidate NOT on SWC: Yumeka Brown (D) [slug: yumeka---brown]
IL,2,JSON candidate NOT on SWC: Robin Kelly (D) [slug: robin---kelly]
IL,2,JSON candidate NOT on SWC: Adal Regis (D) [slug: adal---regis]
IL,2,JSON candidate NOT on SWC: Eric France (D) [slug: eric---france]
IL,2,JSON candidate NOT on SWC: Willie Preston (D) [slug: willie---preston]
IL,2,JSON candidate NOT on SWC: Patrick Keating (D) [slug: patrick---keating]
IL,2,SWC candidate NOT in JSON: Michael Noack (R) [slug: michael---noack]
IL,3,JSON candidate NOT on SWC: Spomenka Vajic (R) [slug: spomenka---vajic]
IL,3,SWC candidate NOT in JSON: Angel Oakley (R) [slug: angel---oakley]
IL,4,JSON candidate NOT on SWC: Byron Sigcho Lopez (I) [slug: byron---sigcholopez]
IL,4,JSON candidate NOT on SWC: Mayra Macias (I) [slug: mayra---macias]
IL,4,JSON candidate NOT on SWC: Lindsay Church (I) [slug: lindsay---church]
IL,4,SWC candidate NOT in JSON: Lupe Castillo (R) [slug: lupe---castillo]
IL,5,JSON candidate NOT on SWC: Jonny Bishop (D) [slug: jonny---bishop]
IL,5,SWC candidate NOT in JSON: Tommy Hanson (?) [slug: tommy---hanson]
IL,6,JSON candidate NOT on SWC: Skylar Duensing (R) [slug: skylar---duensing]
IL,6,JSON candidate NOT on SWC: Joseph Ruzevich (D) [slug: joseph---ruzevich]
IL,7,JSON candidate NOT on SWC: Rory Hoskins (D) [slug: rory---hoskins]
IL,7,JSON candidate NOT on SWC: Danica Leigh (D) [slug: danica---leigh]
IL,7,JSON candidate NOT on SWC: Richard Boykin (D) [slug: richard---boykin]
IL,7,JSON candidate NOT on SWC: Jabari Taylor (I) [slug: jabari---taylor]
IL,7,JSON candidate NOT on SWC: Jazmin Robinson (D) [slug: jazmin---robinson]
IL,7,JSON candidate NOT on SWC: Melissa Conyears-Ervin (D) [slug: melissa---conyears-ervin]
IL,7,JSON candidate NOT on SWC: John Mccombs (D) [slug: john---mccombs]
IL,7,JSON candidate NOT on SWC: Kina Collins (D) [slug: kina---collins]
IL,7,JSON candidate NOT on SWC: Felix Tello (D) [slug: felix---tello]
IL,7,JSON candidate NOT on SWC: Patricia Easley (R) [slug: patricia---easley]
IL,7,JSON candidate NOT on SWC: David Ehrlich (D) [slug: david---ehrlich]
IL,7,JSON candidate NOT on SWC: Jason Friedman (D) [slug: jason---friedman]
IL,7,JSON candidate NOT on SWC: Anthony Driver Jr. (D) [slug: anthony---driver]
IL,7,JSON candidate NOT on SWC: Anabel Mendoza (D) [slug: anabel---mendoza]
IL,7,JSON candidate NOT on SWC: Reed Showalter (D) [slug: reed---showalter]
IL,7,JSON candidate NOT on SWC: Anita Rao M.D. (I) [slug: anita---rao]
IL,7,JSON candidate NOT on SWC: Thomas Fisher (D) [slug: thomas---fisher]
IL,7,SWC candidate NOT in JSON: Chad Koppie (R) [slug: chad---koppie]
IL,8,JSON candidate NOT on SWC: Yasmeen Bankole (D) [slug: yasmeen---bankole]
IL,8,JSON candidate NOT on SWC: Junaid Ahmed (D) [slug: junaid---ahmed]
IL,8,JSON candidate NOT on SWC: Mark Rice (R) [slug: mark---rice]
IL,8,JSON candidate NOT on SWC: Kevin Morrison (D) [slug: kevin---morrison]
IL,8,JSON candidate NOT on SWC: Dan Tully (D) [slug: dan---tully]
IL,8,JSON candidate NOT on SWC: Christ Kallas (D) [slug: christ---kallas]
IL,8,JSON candidate NOT on SWC: Neil Khot (D) [slug: neil---khot]
IL,8,JSON candidate NOT on SWC: Kevin Ake (R) [slug: kevin---ake]
IL,8,JSON candidate NOT on SWC: Raja Krishnamoorthi (D) [slug: raja---krishnamoorthi]
IL,8,JSON candidate NOT on SWC: Ryan Vetticad (D) [slug: ryan---vetticad]
IL,8,JSON candidate NOT on SWC: Sanjyot Dunung (D) [slug: sanjyot---dunung]
IL,9,JSON candidate NOT on SWC: Laura Fine (D) [slug: laura---fine]
IL,9,JSON candidate NOT on SWC: Mike Simmons (D) [slug: mike---simmons]
IL,9,JSON candidate NOT on SWC: Katherine Abughazaleh (D) [slug: katherine---abughazaleh]
IL,9,JSON candidate NOT on SWC: Dongbo Su (R) [slug: dongbo---su]
IL,9,JSON candidate NOT on SWC: Miracle Jenkins (D) [slug: miracle---jenkins]
IL,9,JSON candidate NOT on SWC: Bruce Leon (D) [slug: bruce---leon]
IL,9,JSON candidate NOT on SWC: Philip Andrew (D) [slug: philip---andrew]
IL,9,JSON candidate NOT on SWC: Howard Rosenblum (D) [slug: howard---rosenblum]
IL,9,JSON candidate NOT on SWC: Bushra Amiwala (D) [slug: bushra---amiwala]
IL,9,JSON candidate NOT on SWC: Sam Polan (D) [slug: sam---polan]
IL,9,JSON candidate NOT on SWC: Delila Barrera (I) [slug: delila---barrera]
IL,9,JSON candidate NOT on SWC: Justin Ford (D) [slug: justin---ford]
IL,9,JSON candidate NOT on SWC: Jill Manrique (D) [slug: jill---manrique]
IL,9,JSON candidate NOT on SWC: Khai-Hoan Huynh (D) [slug: khai-hoan---huynh]
IL,9,JSON candidate NOT on SWC: Paul Friedman (R) [slug: paul---friedman]
IL,9,SWC candidate NOT in JSON: John Elleson (R) [slug: john---elleson]
IL,11,JSON candidate NOT on SWC: Charles Kim (R) [slug: charles---kim]
IL,11,JSON candidate NOT on SWC: Ret. Pierce (R) [slug: michael---pierce]
IL,11,JSON candidate NOT on SWC: Stacy Mccaskill (I) [slug: stacy---mccaskill]
IL,11,JSON candidate NOT on SWC: Matthew Durr (I) [slug: matthew---durr]
IL,12,JSON candidate NOT on SWC: Michael Tabacchi (R) [slug: michael---tabacchi]
IL,13,JSON candidate NOT on SWC: Dylan Blaha (D) [slug: dylan---blaha]
IL,13,JSON candidate NOT on SWC: Joshua Loyd (R) [slug: joshua---loyd]
IL,14,JSON candidate NOT on SWC: Gary Vician (R) [slug: gary---vician]
IL,14,JSON candidate NOT on SWC: Jed Davis (R) [slug: jed---davis]
IL,15,JSON candidate NOT on SWC: Anthony Barnes (D) [slug: anthony---barnes]
IL,15,JSON candidate NOT on SWC: Paul Davis Jr (D) [slug: paul---davis]
IL,15,JSON candidate NOT on SWC: Ryan Tebrugge (R) [slug: ryan---tebrugge]
IL,15,JSON candidate NOT on SWC: Judy Bowlby (R) [slug: judy---bowlby]
IL,16,JSON candidate NOT on SWC: Joe Albright (D) [slug: joe---albright]
IL,17,JSON candidate NOT on SWC: Julie Bickelhaupt (R) [slug: julie---bickelhaupt]
IN,Senate,JSON candidate NOT on SWC: Carmen Green (I) [slug: carmen---green]
IN,1,JSON candidate NOT on SWC: Jennifer-Ruth Green (R) [slug: jennifer-ruth---green]
IN,1,JSON candidate NOT on SWC: Joshua Coulter (D) [slug: joshua---coulter]
IN,1,SWC candidate NOT in JSON: David Ruiz (R) [slug: david---ruiz]
IN,4,JSON candidate NOT on SWC: Anthony Hustedt-Mai (R) [slug: anthony---hustedt-mai]
IN,4,SWC candidate NOT in JSON: Joseph Mackey (D) [slug: joseph---mackey]
IN,5,JSON candidate NOT on SWC: Todd Shelton (D) [slug: todd---shelton]
IN,5,SWC candidate NOT in JSON: Tara Nelson (D) [slug: tara---nelson]
IN,7,JSON candidate NOT on SWC: Aleem Young (D) [slug: aleem---young]
IN,8,SWC candidate NOT in JSON: Christopher Rector (D) [slug: christopher---rector]
KS,Senate,SWC candidate NOT in JSON: Christy Davis (D) [slug: christy---davis]
KS,Senate,SWC candidate NOT in JSON: Chase Laporte (R) [slug: chase---laporte]
KS,Senate,SWC candidate NOT in JSON: Michael Soetaert (D) [slug: michael---soetaert]
KS,Senate,Name mismatch (same slug 'lois---parelkar'): JSON='Lois Parelkar' SWC='Anne Parelkar'
KS,1,JSON candidate NOT on SWC: Craig Musser (I) [slug: craig---musser]
KS,2,JSON candidate NOT on SWC: Don Coover (D) [slug: don---coover]
KS,3,JSON candidate NOT on SWC: Blake Stanley (R) [slug: blake---stanley]
KS,4,JSON candidate NOT on SWC: Jordan Mitchell (D) [slug: jordan---mitchell]
KS,4,JSON candidate NOT on SWC: Paul Catanese (I) [slug: paul---catanese]
KY,Senate,JSON candidate NOT on SWC: Donald Wenzel (R) [slug: donald---wenzel]
KY,Senate,JSON candidate NOT on SWC: Joel Willett (D) [slug: joel---willett]
KY,Senate,JSON candidate NOT on SWC: Christopher Campbell (I) [slug: christopher---campbell]
KY,Senate,SWC candidate NOT in JSON: Vincent Thompson (D) [slug: vincent---thompson]
KY,1,JSON candidate NOT on SWC: David Sims (R) [slug: david---sims]
KY,2,JSON candidate NOT on SWC: G. Perry-Adelmann (R) [slug: g---perry-adelmann]
KY,3,JSON candidate NOT on SWC: Maria Rodriguez (R) [slug: maria---rodriguez]
KY,4,JSON candidate NOT on SWC: Jackson Dennis (R) [slug: jackson---dennis]
KY,4,JSON candidate NOT on SWC: Monica Dean (D) [slug: monica---dean]
KY,4,JSON candidate NOT on SWC: Robert Wells (R) [slug: robert---wells]
KY,5,JSON candidate NOT on SWC: Kevin Smith (R) [slug: kevin---smith]
KY,5,JSON candidate NOT on SWC: Benjamin Ruvolo-Hurley (R) [slug: benjamin---ruvolo-hurley]
KY,5,SWC candidate NOT in JSON: Brandon Monhollen (R) [slug: brandon---monhollen]
KY,5,SWC candidate NOT in JSON: Billy Wilson (I) [slug: billy---wilson]
KY,6,JSON candidate NOT on SWC: Andy Barr (R) [slug: garland---barr]
KY,6,JSON candidate NOT on SWC: Corey Edwards (D) [slug: corey---edwards]
KY,6,JSON candidate NOT on SWC: Peter Lynch (I) [slug: peter---lynch]
KY,6,JSON candidate NOT on SWC: Deanna Gordon (R) [slug: deanna---gordon]
KY,6,JSON candidate NOT on SWC: Adam Arquette (R) [slug: adam---arquette]
KY,6,JSON candidate NOT on SWC: Steve Shannon (R) [slug: steve---shannon]
LA,Senate,JSON candidate NOT on SWC: Tracie Burke (D) [slug: tracie---burke]
LA,Senate,JSON candidate NOT on SWC: Jabarie Walker (D) [slug: jabarie---walker]
LA,Senate,JSON candidate NOT on SWC: Tracy Dendy (R) [slug: tracy---dendy]
LA,Senate,JSON candidate NOT on SWC: Samuel Wyatt (R) [slug: samuel---wyatt]
LA,Senate,JSON candidate NOT on SWC: Julie Emerson (R) [slug: julie---emerson]
LA,Senate,JSON candidate NOT on SWC: Blake Miguez (R) [slug: blake---miguez]
LA,Senate,JSON candidate NOT on SWC: Kathy Seiden (R) [slug: kathy---seiden]
LA,Senate,JSON candidate NOT on SWC: Markeda Cottonham (R) [slug: markeda---cottonham]
LA,Senate,JSON candidate NOT on SWC: Christopher Holder (R) [slug: christopher---holder]
LA,Senate,JSON candidate NOT on SWC: Eric Skrmetta (R) [slug: eric---skrmetta]
LA,Senate,SWC candidate NOT in JSON: Julia Letlow (R) [slug: julia---letlow]
LA,1,JSON candidate NOT on SWC: Donna Major (D) [slug: donna---major]
LA,3,SWC candidate NOT in JSON: Tia Lebrun (D) [slug: tia---lebrun]
LA,5,JSON candidate NOT on SWC: Dixon Mcmakin (R) [slug: dixon---mcmakin]
LA,5,JSON candidate NOT on SWC: Carl Smith Jr. (R) [slug: carl---smith]
LA,5,JSON candidate NOT on SWC: Lindsay Garcia (D) [slug: lindsay---garcia]
LA,5,JSON candidate NOT on SWC: Stewart Cathey Jr. (R) [slug: stewart---cathey]
LA,5,SWC candidate NOT in JSON: Blake Miguez (R) [slug: blake---miguez]
LA,5,SWC candidate NOT in JSON: Samuel Wyatt (R) [slug: samuel---wyatt]
LA,6,JSON candidate NOT on SWC: Anjanita Appeaning (R) [slug: anjanita---appeaning]
MA,Senate,JSON candidate NOT on SWC: Nathan Bech (R) [slug: nathan---bech]
MA,Senate,SWC candidate NOT in JSON: Seth Moulton (D) [slug: seth---moulton]
MA,Senate,Party mismatch for 'Joseph Tache': JSON=I SWC=?
MA,3,JSON candidate NOT on SWC: Kevin Ades (I) [slug: kevin---ades]
MA,3,JSON candidate NOT on SWC: Gaige Clark (D) [slug: gaige---clark]
MA,4,JSON candidate NOT on SWC: Matthew Cook (I) [slug: matthew---cook]
MA,4,JSON candidate NOT on SWC: Christopher Boyd (D) [slug: christopher---boyd]
MA,4,JSON candidate NOT on SWC: Ihssane Leckey (D) [slug: ihssane---leckey]
MA,5,JSON candidate NOT on SWC: Tarik Samman (D) [slug: tarik---samman]
MA,6,JSON candidate NOT on SWC: Seth Moulton (D) [slug: seth---moulton]
MA,6,JSON candidate NOT on SWC: Micah Jones (R) [slug: micah---jones]
MA,6,JSON candidate NOT on SWC: John Field (R) [slug: john---field]
MA,8,JSON candidate NOT on SWC: Walter Grochowski (R) [slug: walter---grochowski]
MA,8,JSON candidate NOT on SWC: Aj Zylberfink (D) [slug: andrew---zylberfink]
MA,9,JSON candidate NOT on SWC: Robert Macallister (R) [slug: robert---macallister]
MD,2,JSON candidate NOT on SWC: Ryan Metzgar (R) [slug: ryan---metzgar]
MD,2,JSON candidate NOT on SWC: Gerard Wittstadt Jr (R) [slug: gerard---wittstadt]
MD,2,JSON candidate NOT on SWC: Enrico Bailey Jr (D) [slug: enrico---bailey]
MD,3,JSON candidate NOT on SWC: Sean Hammond (D) [slug: sean---hammond]
MD,3,JSON candidate NOT on SWC: Jennifer Cross (D) [slug: jennifer---cross]
MD,3,JSON candidate NOT on SWC: Felix Seier (D) [slug: felix---seier]
MD,5,JSON candidate NOT on SWC: David Sundberg (D) [slug: david---sundberg]
MD,5,JSON candidate NOT on SWC: Jerry Lightfoot (D) [slug: jerry---lightfoot]
MD,5,JSON candidate NOT on SWC: Mildred Hall (I) [slug: mildred---hall]
MD,5,JSON candidate NOT on SWC: Kenneth Simons (D) [slug: kenneth---simons]
MD,5,SWC candidate NOT in JSON: Harry Dunn (D) [slug: harry--dunn]
MD,5,SWC candidate NOT in JSON: Reuben Collins II (D) [slug: reuben---collins]
MD,5,SWC candidate NOT in JSON: Alexis Solis (D) [slug: alexis---solis]
MD,6,JSON candidate NOT on SWC: Alexis Goldstein (D) [slug: alexis---goldstein]
MD,6,SWC candidate NOT in JSON: George Gluck (D) [slug: george---gluck]
MD,7,JSON candidate NOT on SWC: Hadley Anthony (D) [slug: hadley---anthony]
MD,7,JSON candidate NOT on SWC: Theo Gillespie (D) [slug: theo---gillespie]
MD,8,JSON candidate NOT on SWC: K. Mpambara Cox (R) [slug: k---mpambaracox]
ME,Senate,JSON candidate NOT on SWC: Phillip Rench (I) [slug: phillip---rench]
ME,Senate,JSON candidate NOT on SWC: Jordan Wood (D) [slug: jordan---wood]
ME,Senate,JSON candidate NOT on SWC: Dan Kleban (D) [slug: dan---kleban]
ME,Senate,JSON candidate NOT on SWC: Daira Rodriguez (D) [slug: daira---rodriguez]
ME,Senate,JSON candidate NOT on SWC: Carmem Calabrese (R) [slug: carmem---calabrese]
ME,Senate,JSON candidate NOT on SWC: Carmen Calabrese (R) [slug: carmen---calabrese]
ME,Senate,JSON candidate NOT on SWC: Tucker Favreau (D) [slug: tucker---favreau]
ME,Senate,SWC candidate NOT in JSON: Ethan Alcorn (I) [slug: ethan---alcorn]
ME,Senate,SWC candidate NOT in JSON: Janet Trafton Mills (D) [slug: janet---mills]
ME,1,JSON candidate NOT on SWC: Eric Small (R) [slug: eric---small]
ME,1,JSON candidate NOT on SWC: Tiffany Roberts (D) [slug: tiffany---roberts]
ME,2,JSON candidate NOT on SWC: James Clark (R) [slug: james---clark]
ME,2,SWC candidate NOT in JSON: Jordan Wood (D) [slug: jordan---wood]
MI,Senate,JSON candidate NOT on SWC: Joseph Tate (D) [slug: joseph---tate]
MI,Senate,SWC candidate NOT in JSON: Haley Stevens (D) [slug: haley---stevens]
MI,Senate,SWC candidate NOT in JSON: Andrew Kamal (R) [slug: andrew---kamal]
MI,1,SWC candidate NOT in JSON: Matthew Denotter (R) [slug: matthew---denotter]
MI,3,SWC candidate NOT in JSON: Terri Deboer (R) [slug: terri---deboer]
MI,4,JSON candidate NOT on SWC: Jessica Swartz (D) [slug: jessica---swartz]
MI,6,JSON candidate NOT on SWC: Jason Cloutier (D) [slug: jason---cloutier]
MI,9,JSON candidate NOT on SWC: Daltson Atwell (R) [slug: daltson---atwell]
MI,10,JSON candidate NOT on SWC: Alexander Hawkins (D) [slug: alexander---hawkins]
MI,11,JSON candidate NOT on SWC: John Torres (D) [slug: john---torres]
MI,11,JSON candidate NOT on SWC: Anil Kumar (D) [slug: anil---kumar]
MI,11,JSON candidate NOT on SWC: Haley Stevens (D) [slug: haley---stevens]
MI,11,JSON candidate NOT on SWC: Mike Steger (R) [slug: mike---steger]
MI,12,JSON candidate NOT on SWC: Byron Nolen (D) [slug: byron---nolen]
MI,12,SWC candidate NOT in JSON: Shanelle Jackson (D) [slug: shanelle---jackson]
MI,13,JSON candidate NOT on SWC: Articia Bomer (R) [slug: articia---bomer]
MI,13,JSON candidate NOT on SWC: Nazmul Hassan (D) [slug: nazmul---hassan]
MI,13,JSON candidate NOT on SWC: Adam Hollier (D) [slug: adam---hollier]
MN,Senate,JSON candidate NOT on SWC: Melisa Lopez Franzen (D) [slug: melisa---lopezfranzen]
MN,Senate,SWC candidate NOT in JSON: Angie Craig (D) [slug: angie---craig]
MN,Senate,Name mismatch (same slug 'margaret---flanagan'): JSON='Margaret Flanagan' SWC='Peggy Flanagan'
MN,2,JSON candidate NOT on SWC: Angie Craig (D) [slug: angie---craig]
MN,3,JSON candidate NOT on SWC: Jeremy Westby (R) [slug: jeremy---westby]
MN,4,JSON candidate NOT on SWC: Aswar Rahman (D) [slug: aswar---rahman]
MN,4,JSON candidate NOT on SWC: Paul Wikstrom (R) [slug: paul---wikstrom]
MN,5,JSON candidate NOT on SWC: Latonya Reeves (D) [slug: latonya---reeves]
MN,5,JSON candidate NOT on SWC: Develle Jackson (I) [slug: develle---jackson]
MN,6,JSON candidate NOT on SWC: Jeremy Wicklund (D) [slug: jeremy---wicklund]
MN,6,JSON candidate NOT on SWC: Doug Chapin (D) [slug: doug---chapin]
MN,6,SWC candidate NOT in JSON: Austin Winkelman (I) [slug: austin---winkelman]
MN,8,JSON candidate NOT on SWC: Chad Mckenna (D) [slug: chad---mckenna]
MN,8,SWC candidate NOT in JSON: Emanuel Anastos (D) [slug: emanuel---anastos]
MO,1,JSON candidate NOT on SWC: A White (R) [slug: a---white]
MO,2,JSON candidate NOT on SWC: Ryan Sheridan (R) [slug: ryan---sheridan]
MO,2,JSON candidate NOT on SWC: Nicholas Vivio (D) [slug: nicholas---vivio]
MO,2,SWC candidate NOT in JSON: Matthew Grant (R) [slug: matthew---grant]
MO,5,JSON candidate NOT on SWC: Robert Foltz (R) [slug: robert---foltz]
MO,5,JSON candidate NOT on SWC: Todd Becker (I) [slug: todd---becker]
MO,5,JSON candidate NOT on SWC: Jordan Herrera (D) [slug: jordan---herrera]
MO,6,JSON candidate NOT on SWC: Sam Graves Jr. (R) [slug: sam---graves]
MS,2,SWC candidate NOT in JSON: Bennie Foster (I) [slug: bennie---foster]
MS,3,JSON candidate NOT on SWC: Shaun Mcinnish (I) [slug: shaun---mcinnish]
MS,3,JSON candidate NOT on SWC: Justin James (R) [slug: justin---james]
MS,3,Party mismatch for 'Erik Kiehle': JSON=I SWC=?
MS,4,JSON candidate NOT on SWC: Boyanton Carl (I) [slug: boyanton---carl]
MT,Senate,JSON candidate NOT on SWC: Kyle Austin (I) [slug: kyle---austin]
MT,Senate,SWC candidate NOT in JSON: Kurt Alme (R) [slug: kurt---alme]
MT,Senate,SWC candidate NOT in JSON: Seth Bodnar (I) [slug: seth---bodnar]
MT,Senate,SWC candidate NOT in JSON: Christopher Kehoe (D) [slug: christopher---kehoe]
MT,Senate,SWC candidate NOT in JSON: Charles Walkingchild Sr (R) [slug: charles---walkingchild]
MT,1,SWC candidate NOT in JSON: Aaron Flint (R) [slug: aaron---flint]
MT,1,SWC candidate NOT in JSON: Christi Jacobsen (R) [slug: christi---jacobsen]
MT,2,JSON candidate NOT on SWC: Brian Miller (D) [slug: brian---miller]
NC,Senate,JSON candidate NOT on SWC: Alyssia Hammond (D) [slug: alyssia---hammond]
NC,Senate,SWC candidate NOT in JSON: Shannon Bray (?) [slug: shannon---bray]
NC,Senate,Party mismatch for 'Brian Mcginnis': JSON=I SWC=?
NC,1,JSON candidate NOT on SWC: Sandy Roberson (R) [slug: sandy---roberson]
NC,2,JSON candidate NOT on SWC: Robert Bennett (D) [slug: robert---bennett]
NC,3,JSON candidate NOT on SWC: Chris Schulte (D) [slug: chris---schulte]
NC,6,JSON candidate NOT on SWC: Tavin Felton-Stackhouse (D) [slug: tavin---felton-stackhouse]
NC,7,JSON candidate NOT on SWC: Maad Abu-Ghazalah (I) [slug: maad---abu-ghazalah]
NC,7,JSON candidate NOT on SWC: Michael Henry (I) [slug: michael---henry]
NC,9,JSON candidate NOT on SWC: Tita Hunter-Herod (I) [slug: tita---hunter-herod]
NC,11,JSON candidate NOT on SWC: Jonathan Connors (I) [slug: jonathan---connors]
NC,11,JSON candidate NOT on SWC: Christopher Harjes (D) [slug: christopher---harjes]
NC,11,JSON candidate NOT on SWC: Morris Davis (D) [slug: morris---davis]
NC,11,JSON candidate NOT on SWC: Madison Cawthorn (R) [slug: david---cawthorn]
NC,11,JSON candidate NOT on SWC: Jacob Lawrence (D) [slug: jacob---lawrence]
NC,12,JSON candidate NOT on SWC: John Codiga (R) [slug: john---codiga]
NC,12,JSON candidate NOT on SWC: Charay Smith (I) [slug: charay---smith]
NC,12,JSON candidate NOT on SWC: Ryan Rabah (I) [slug: ryan---rabah]
NC,13,JSON candidate NOT on SWC: Josh Mcconkey (R) [slug: josh---mcconkey]
NC,13,JSON candidate NOT on SWC: Wiley Nickel (D) [slug: wiley---nickel]
NC,13,Party mismatch for 'Anthony Aguilar': JSON=I SWC=?
ND,At-Large,SWC candidate NOT in JSON: Alex Balazs (R) [slug: alex---balazs]
NE,2,JSON candidate NOT on SWC: Brett Lindstrom (R) [slug: brett---lindstrom]
NE,2,JSON candidate NOT on SWC: Mark Johnston (D) [slug: mark---johnston]
NH,Senate,JSON candidate NOT on SWC: Dan Innis (R) [slug: dan---innis]
NH,Senate,SWC candidate NOT in JSON: Chris Pappas (D) [slug: chris---pappas]
NH,1,JSON candidate NOT on SWC: Chris Bright (R) [slug: chris---bright]
NH,1,JSON candidate NOT on SWC: Chris Pappas (D) [slug: chris---pappas]
NH,2,JSON candidate NOT on SWC: Christopher Tardif (D) [slug: christopher---tardif]
NJ,Senate,JSON candidate NOT on SWC: Alex Zdan (R) [slug: alex---zdan]
NJ,Senate,JSON candidate NOT on SWC: Gregory Tomaini (D) [slug: gregory---tomaini]
NJ,Senate,JSON candidate NOT on SWC: Lisa Mccormick (D) [slug: lisa---mccormick]
NJ,Senate,JSON candidate NOT on SWC: Richard Tabor Sr (R) [slug: richard---tabor]
NJ,Senate,JSON candidate NOT on SWC: Michael Misseri (I) [slug: michael---misseri]
NJ,Senate,JSON candidate NOT on SWC: Saxon Callahan (D) [slug: saxon---callahan]
NJ,Senate,JSON candidate NOT on SWC: Chris Fields (D) [slug: chris---fields]
NJ,Senate,JSON candidate NOT on SWC: Michael Estrada (I) [slug: michael---estrada]
NJ,Senate,JSON candidate NOT on SWC: Natalie Rivera (R) [slug: natalie---rivera]
NJ,Senate,SWC candidate NOT in JSON: Robert Lebovics (R) [slug: robert---lebovics]
NJ,Senate,SWC candidate NOT in JSON: Justin Murphy (R) [slug: justin---murphy]
NJ,1,JSON candidate NOT on SWC: Lonnie Affrime (D) [slug: lonnie---affrime]
NJ,3,JSON candidate NOT on SWC: Jason Cullen (R) [slug: jason---cullen]
NJ,4,JSON candidate NOT on SWC: Peter Linardakis (D) [slug: peter---linardakis]
NJ,4,JSON candidate NOT on SWC: Robert English (D) [slug: robert---english]
NJ,5,JSON candidate NOT on SWC: Chandiha Gajapathy (R) [slug: chandiha---gajapathy]
NJ,5,JSON candidate NOT on SWC: Adam Rueda (I) [slug: adam---rueda]
NJ,7,JSON candidate NOT on SWC: Gregory Vartan III (D) [slug: gregory---vartan]
NJ,7,JSON candidate NOT on SWC: Tom Malinowski (D) [slug: tom---malinowski]
NJ,7,JSON candidate NOT on SWC: Beth Adubato (D) [slug: beth---adubato]
NJ,7,JSON candidate NOT on SWC: Megan O'Rourke (D) [slug: megan---orourke]
NJ,9,JSON candidate NOT on SWC: Rosemary Pino (R) [slug: rosemary---pino]
NJ,11,JSON candidate NOT on SWC: Joseph Lewis II (D) [slug: joseph---lewis]
NJ,11,JSON candidate NOT on SWC: Cammie Croft (D) [slug: cammie---croft]
NJ,11,JSON candidate NOT on SWC: Kennedy Pivnick (D) [slug: kennedy---pivnick]
NJ,11,JSON candidate NOT on SWC: Alan Bond (I) [slug: alan---bond]
NJ,11,JSON candidate NOT on SWC: Marc Chaaban (D) [slug: marc---chaaban]
NJ,11,SWC candidate NOT in JSON: Tom Malinowski (D) [slug: tom---malinowski]
NJ,12,JSON candidate NOT on SWC: Bonnie Watson Coleman (D) [slug: bonnie---watsoncoleman]
NJ,12,JSON candidate NOT on SWC: Michael Anderson (D) [slug: michael---anderson]
NJ,12,JSON candidate NOT on SWC: Andrew Zaborney (R) [slug: andrew---zaborney]
NJ,12,JSON candidate NOT on SWC: Raymond Heck (D) [slug: raymond---heck]
NJ,12,JSON candidate NOT on SWC: Richard Morales (D) [slug: richard---morales]
NJ,12,JSON candidate NOT on SWC: Iziah Thompson (D) [slug: iziah---thompson]
NJ,12,JSON candidate NOT on SWC: Tennille Mccoy (D) [slug: tennille---mccoy]
NJ,12,JSON candidate NOT on SWC: Matthew Adams (D) [slug: matthew---adams]
NJ,12,JSON candidate NOT on SWC: Gregg Mele (R) [slug: gregg---mele]
NJ,12,JSON candidate NOT on SWC: Andres Jinete (I) [slug: andres---jinete]
NJ,12,JSON candidate NOT on SWC: Shanel Robinson (D) [slug: shanel---robinson]
NM,Senate,JSON candidate NOT on SWC: Matt Dodson (D) [slug: matt---dodson]
NM,Senate,JSON candidate NOT on SWC: Cameron Chick Sr. (I) [slug: cameron---chick]
NM,Senate,JSON candidate NOT on SWC: Toby Smith (I) [slug: toby---smith]
NM,1,JSON candidate NOT on SWC: Steve Jones (R) [slug: steve---jones]
NM,2,JSON candidate NOT on SWC: Greg Cunningham (R) [slug: greg---cunningham]
NM,2,JSON candidate NOT on SWC: Tom Wakely (D) [slug: tom---wakely]
NM,3,JSON candidate NOT on SWC: Martin Zamora (R) [slug: martin---zamora]
NV,1,JSON candidate NOT on SWC: Keith Hanoff (R) [slug: keith---hanoff]
NV,1,JSON candidate NOT on SWC: Afzal Khan (R) [slug: afzal---khan]
NV,1,JSON candidate NOT on SWC: Anthony Thomas Jr. (I) [slug: anthony---thomas]
NV,1,JSON candidate NOT on SWC: Marie Arnold (R) [slug: marie---arnold]
NV,1,JSON candidate NOT on SWC: Gabriel Cornejo (D) [slug: gabriel---cornejo]
NV,1,Party mismatch for 'J Houston II': JSON=I SWC=?
NV,2,JSON candidate NOT on SWC: Mark Jolle (D) [slug: mark---jolle]
NV,2,JSON candidate NOT on SWC: Rick Shepherd (R) [slug: rick---shepherd]
NV,2,JSON candidate NOT on SWC: Monica Stabbert (R) [slug: monica---stabbert]
NV,2,JSON candidate NOT on SWC: Morgan Wadsworth (D) [slug: morgan---wadsworth]
NV,2,JSON candidate NOT on SWC: Mark Amodei (R) [slug: mark---amodei]
NV,3,JSON candidate NOT on SWC: Sean Hutchinson (D) [slug: sean---hutchinson]
NV,3,JSON candidate NOT on SWC: Christopher Brandlin (R) [slug: christopher---brandlin]
NV,3,JSON candidate NOT on SWC: Ronda Kennedy (R) [slug: ronda---kennedy]
NV,3,JSON candidate NOT on SWC: Steven London (R) [slug: steven---london]
NV,3,JSON candidate NOT on SWC: Elgin Shoaf (R) [slug: elgin---shoaf]
NV,3,JSON candidate NOT on SWC: Lydia Dominguez (R) [slug: lydia---dominguez]
NY,1,JSON candidate NOT on SWC: Jonathan Schneider (D) [slug: jonathan---schneider]
NY,3,JSON candidate NOT on SWC: Michael Lavery (R) [slug: michael---lavery]
NY,7,JSON candidate NOT on SWC: Miles Shore (D) [slug: miles---shore]
NY,7,JSON candidate NOT on SWC: Dane-Brandon Noble (D) [slug: dane-brandon---noble]
NY,7,JSON candidate NOT on SWC: Alexander Campagna (D) [slug: alexander---campagna]
NY,8,JSON candidate NOT on SWC: Richard Simmons (R) [slug: richard---simmons]
NY,8,JSON candidate NOT on SWC: Chi Osse (D) [slug: chi---osse]
NY,9,JSON candidate NOT on SWC: Joshua Bristol (D) [slug: joshua---bristol]
NY,9,JSON candidate NOT on SWC: Joshua Lucas (D) [slug: joshua---lucas]
NY,11,JSON candidate NOT on SWC: Umar Usman (D) [slug: umar---usman]
NY,11,JSON candidate NOT on SWC: Michael Decillis (D) [slug: michael---decillis]
NY,12,JSON candidate NOT on SWC: Mathew Shurka (D) [slug: mathew---shurka]
NY,12,JSON candidate NOT on SWC: Cameron Kasky (D) [slug: cameron---kasky]
NY,12,JSON candidate NOT on SWC: Jami Floyd (D) [slug: jami---floyd]
NY,12,JSON candidate NOT on SWC: Massimiliano Zappone (R) [slug: massimiliano---zappone]
NY,12,JSON candidate NOT on SWC: Alan Pardee (D) [slug: alan---pardee]
NY,12,JSON candidate NOT on SWC: Robert Huhn (I) [slug: robert---huhn]
NY,12,JSON candidate NOT on SWC: Erik Bottcher (D) [slug: erik---bottcher]
NY,12,JSON candidate NOT on SWC: Kaley Aldrich (R) [slug: kaley---aldrich]
NY,12,Party mismatch for 'Wilneida Negron': JSON=I SWC=?
NY,13,JSON candidate NOT on SWC: Michael Hano (D) [slug: michael---hano]
NY,13,JSON candidate NOT on SWC: Candace Niles (D) [slug: candace---niles]
NY,15,JSON candidate NOT on SWC: Dalourny Nemorin (D) [slug: dalourny---nemorin]
NY,16,JSON candidate NOT on SWC: John Wilson IV (I) [slug: john---wilson]
NY,17,JSON candidate NOT on SWC: John Sullivan (D) [slug: john---sullivan]
NY,18,JSON candidate NOT on SWC: Sharanjit Thind (R) [slug: sharanjit---thind]
NY,19,JSON candidate NOT on SWC: Alexander Portelli (R) [slug: alexander---portelli]
NY,21,JSON candidate NOT on SWC: Anthony Constantino (R) [slug: anthony---constantino]
NY,21,JSON candidate NOT on SWC: Christopher Schmidt (I) [slug: christopher---schmidt]
NY,21,JSON candidate NOT on SWC: Michael Metzgier (I) [slug: michael---metzgier]
NY,22,JSON candidate NOT on SWC: John Salka (R) [slug: john---salka]
NY,22,JSON candidate NOT on SWC: David Hollenbeck (R) [slug: david---hollenbeck]
NY,23,JSON candidate NOT on SWC: James King (R) [slug: james---king]
NY,23,JSON candidate NOT on SWC: Jeffrey Rayner (D) [slug: jeffrey---rayner]
NY,23,JSON candidate NOT on SWC: Stephen Collins (D) [slug: stephen---collins]
NY,24,JSON candidate NOT on SWC: Todd Sloan (I) [slug: todd---sloan]
NY,24,JSON candidate NOT on SWC: Tony Macula (I) [slug: tony---macula]
NY,24,JSON candidate NOT on SWC: David Mcdairmant (R) [slug: david---mcdairmant]
NY,25,JSON candidate NOT on SWC: Daelin Walton (I) [slug: daelin---walton]
NY,25,JSON candidate NOT on SWC: Cassandra Leach (D) [slug: cassandra---leach]
NY,25,JSON candidate NOT on SWC: Sherita Traywick (D) [slug: sherita---traywick]
NY,27,JSON candidate NOT on SWC: Chris Collins (R) [slug: chris---collins]
NY,28,JSON candidate NOT on SWC: Andrew Johnson (I) [slug: andrew---johnson]
OH,Senate,JSON candidate NOT on SWC: Dakota Rose (D) [slug: dakota---rose]
OH,Senate,JSON candidate NOT on SWC: Frederick Ode (D) [slug: frederick---ode]
OH,Senate,JSON candidate NOT on SWC: M Brewer (R) [slug: m---brewer]
OH,Senate,Party mismatch for 'William Redpath': JSON=I SWC=?
OH,1,SWC candidate NOT in JSON: Jason Stoops (?) [slug: jason---stoops]
OH,1,Party mismatch for 'John Hancock Jr': JSON=I SWC=?
OH,2,JSON candidate NOT on SWC: Kenneth Dietz (I) [slug: kenneth---dietz]
OH,3,JSON candidate NOT on SWC: Santana Dials (I) [slug: santana---dials]
OH,3,JSON candidate NOT on SWC: Michelle Bird (I) [slug: michelle---bird]
OH,4,JSON candidate NOT on SWC: Joshua Kolasinski (D) [slug: joshua---kolasinski]
OH,4,JSON candidate NOT on SWC: Tamara Wilson (D) [slug: tamara---wilson]
OH,5,JSON candidate NOT on SWC: Christopher Maddaluno (D) [slug: christopher---maddaluno]
OH,5,JSON candidate NOT on SWC: Daniel Burket (D) [slug: daniel---burket]
OH,6,JSON candidate NOT on SWC: Sam Barrick (D) [slug: sam---barrick]
OH,6,JSON candidate NOT on SWC: Brent Hanni (D) [slug: brent---hanni]
OH,7,JSON candidate NOT on SWC: Scott Schulz (D) [slug: scott---schulz]
OH,7,JSON candidate NOT on SWC: Ann Donegan (D) [slug: ann---donegan]
OH,7,JSON candidate NOT on SWC: Jonah Schulz (R) [slug: jonah---schulz]
OH,9,JSON candidate NOT on SWC: Jacob Frost (R) [slug: jacob---frost]
OH,9,JSON candidate NOT on SWC: Wayne Kinsel (R) [slug: wayne---kinsel]
OH,9,Party mismatch for 'David Gedert': JSON=I SWC=?
OH,10,JSON candidate NOT on SWC: Jan Kinner (D) [slug: jan---kinner]
OH,10,JSON candidate NOT on SWC: Janice Beckett (D) [slug: janice---beckett]
OH,11,JSON candidate NOT on SWC: Cortney Peterson (I) [slug: cortney---peterson]
OH,12,JSON candidate NOT on SWC: Daniel Crawford (D) [slug: daniel---crawford]
OH,13,JSON candidate NOT on SWC: Siembida Kevin (R) [slug: siembida---kevin]
OH,13,JSON candidate NOT on SWC: Kevin Coughlin (R) [slug: kevin---coughlin]
OH,13,JSON candidate NOT on SWC: Carey Coleman (R) [slug: carey---coleman]
OH,14,JSON candidate NOT on SWC: Carl Setzer (D) [slug: carl---setzer]
OH,14,Name mismatch (same slug 'frenchko---nicole'): JSON='Frenchko Nicole' SWC='Niki Frenchko'
OH,15,SWC candidate NOT in JSON: Samuel Ronan (R) [slug: samuel---ronan]
OK,Senate,JSON candidate NOT on SWC: Ron Meinhardt (R) [slug: ron---meinhardt]
OK,Senate,JSON candidate NOT on SWC: Jim Priest (D) [slug: jim---priest]
OK,Senate,JSON candidate NOT on SWC: Nicky Hankins (R) [slug: nicky---hankins]
OK,Senate,JSON candidate NOT on SWC: Rebekah Lavann (D) [slug: rebekah---lavann]
OK,Senate,JSON candidate NOT on SWC: Markwayne Mullin (R) [slug: markwayne---mullin]
OK,1,JSON candidate NOT on SWC: Ryan Parschauer (I) [slug: ryan---parschauer]
OK,1,JSON candidate NOT on SWC: Erica Watkins (D) [slug: erica---watkins]
OK,1,JSON candidate NOT on SWC: Kevin Hern (R) [slug: kevin---hern]
OK,1,SWC candidate NOT in JSON: Mark Tedford (R) [slug: mark---tedford]
OK,2,JSON candidate NOT on SWC: William Webb (R) [slug: william---webb]
OK,4,JSON candidate NOT on SWC: Marcella Everhart (R) [slug: marcella---everhart]
OK,5,JSON candidate NOT on SWC: Jena Nelson (D) [slug: jena---nelson]
OR,Senate,SWC candidate NOT in JSON: David Smith (R) [slug: david---smith---OR]
OR,2,JSON candidate NOT on SWC: Andrea Carr (R) [slug: andrea---carr]
OR,2,JSON candidate NOT on SWC: Chris Beck (D) [slug: chris---beck]
OR,5,JSON candidate NOT on SWC: Patti Adair (R) [slug: patti---adair]
OR,5,SWC candidate NOT in JSON: Zeva Rosenbaum (D) [slug: zeva---rosenbaum]
PA,Senate,JSON candidate NOT on SWC: Dennis Stevens (D) [slug: dennis---stevens]
PA,1,JSON candidate NOT on SWC: John Hoban (I) [slug: john---hoban]
PA,1,JSON candidate NOT on SWC: Thomas Taft (D) [slug: thomas---taft]
PA,1,JSON candidate NOT on SWC: Michael Zeltakalns (D) [slug: michael---zeltakalns]
PA,1,JSON candidate NOT on SWC: Robert Strickler (D) [slug: robert---strickler]
PA,1,JSON candidate NOT on SWC: Tracy Hunt (D) [slug: tracy---hunt]
PA,1,JSON candidate NOT on SWC: William Wagner Jr (D) [slug: william---wagner]
PA,2,JSON candidate NOT on SWC: Jessica Arriaga (R) [slug: jessica---arriaga]
PA,3,JSON candidate NOT on SWC: Morgan Cephas (D) [slug: morgan---cephas]
PA,3,JSON candidate NOT on SWC: Naderah Griffin (D) [slug: naderah---griffin]
PA,3,JSON candidate NOT on SWC: David Oxman (D) [slug: david---oxman]
PA,3,JSON candidate NOT on SWC: Thomas Cook (D) [slug: thomas---cook]
PA,3,JSON candidate NOT on SWC: Jahmiel Jackson (D) [slug: jahmiel---jackson]
PA,3,JSON candidate NOT on SWC: Alexander Schnell (R) [slug: alexander---schnell]
PA,3,JSON candidate NOT on SWC: Cole Carter (D) [slug: cole---carter]
PA,3,JSON candidate NOT on SWC: Pablo Mcconnie-Saad (D) [slug: pablo---mcconnie-saad]
PA,3,JSON candidate NOT on SWC: Sharif Street (D) [slug: sharif---street]
PA,3,JSON candidate NOT on SWC: Sheila Armstrong (R) [slug: sheila---armstrong]
PA,3,JSON candidate NOT on SWC: Isaiah Martin III (D) [slug: isaiah---martin---PA]
PA,4,JSON candidate NOT on SWC: Jordan Salerno-O'Donnell (R) [slug: jordan---salerno-odonnell]
PA,5,JSON candidate NOT on SWC: Joshua Brown (R) [slug: joshua---brown]
PA,5,JSON candidate NOT on SWC: Melvin Campbell Jr (D) [slug: melvin---campbell]
PA,5,JSON candidate NOT on SWC: Melvin Johnakin (D) [slug: melvin---johnakin]
PA,7,JSON candidate NOT on SWC: Bob Brooks (D) [slug: bob---brooks]
PA,7,JSON candidate NOT on SWC: Aiden Gonzalez (D) [slug: aiden---gonzalez]
PA,7,JSON candidate NOT on SWC: Frank Golden (I) [slug: frank---golden]
PA,7,JSON candidate NOT on SWC: Michael Granados Jr. (I) [slug: michael---granados]
PA,8,JSON candidate NOT on SWC: Eric Stone (D) [slug: eric---stone]
PA,9,JSON candidate NOT on SWC: Jennifer Brothers (D) [slug: jennifer---brothers]
PA,9,JSON candidate NOT on SWC: Gage Heller (R) [slug: gage---heller]
PA,10,JSON candidate NOT on SWC: Michael Robinson (D) [slug: michael---robinson]
PA,10,JSON candidate NOT on SWC: Jason Cass (D) [slug: jason---cass]
PA,10,JSON candidate NOT on SWC: Karen Dalton (R) [slug: karen---dalton]
PA,10,JSON candidate NOT on SWC: Fogel Shimp (R) [slug: fogel---shimp]
PA,11,JSON candidate NOT on SWC: Sarah Klimm (D) [slug: sarah---klimm]
PA,12,JSON candidate NOT on SWC: Arnold Santos (R) [slug: arnold---santos]
PA,12,JSON candidate NOT on SWC: William Parker (D) [slug: william---parker]
PA,12,JSON candidate NOT on SWC: Adam Forgie (D) [slug: adam---forgie]
PA,12,JSON candidate NOT on SWC: Leonard Fechter (R) [slug: leonard---fechter]
PA,14,JSON candidate NOT on SWC: Jason Dunn (R) [slug: jason---dunn]
PA,16,JSON candidate NOT on SWC: Nicholas Singelis II (I) [slug: nicholas---singelis]
PA,16,JSON candidate NOT on SWC: Justin Wagner (D) [slug: justin---wagner]
PA,17,JSON candidate NOT on SWC: Tony Guy (R) [slug: tony---guy]
SC,Senate,JSON candidate NOT on SWC: Brandon Brown (D) [slug: brandon---brown]
SC,Senate,JSON candidate NOT on SWC: Kyle Freeman (D) [slug: kyle---freeman]
SC,Senate,JSON candidate NOT on SWC: Edward Strunge IV (I) [slug: edward---strunge]
SC,Senate,JSON candidate NOT on SWC: Jason Brenkus (I) [slug: jason---brenkus]
SC,Senate,JSON candidate NOT on SWC: Lee Johnson (D) [slug: lee---johnson]
SC,Senate,JSON candidate NOT on SWC: Patrick Herrmann (R) [slug: patrick---herrmann]
SC,Senate,Party mismatch for 'Kasie Whitener': JSON=I SWC=?
SC,1,JSON candidate NOT on SWC: Jenny Honeycutt (R) [slug: jenny---honeycutt]
SC,1,JSON candidate NOT on SWC: Dan Brown (R) [slug: dan---brown]
SC,1,JSON candidate NOT on SWC: Tyler Dykes (R) [slug: tyler---dykes]
SC,1,JSON candidate NOT on SWC: Kj Atwood (D) [slug: kj---atwood]
SC,1,JSON candidate NOT on SWC: William Reeside Jr. (I) [slug: william---reeside]
SC,3,JSON candidate NOT on SWC: Eunice Lehmacher (D) [slug: eunice---lehmacher]
SC,4,JSON candidate NOT on SWC: Robert Lee (R) [slug: robert---lee]
SC,4,Party mismatch for 'Jessica Ethridge': JSON=I SWC=?
SC,5,JSON candidate NOT on SWC: Wes Climer (R) [slug: wes---climer]
SC,5,JSON candidate NOT on SWC: Ralph Norman Jr. (R) [slug: ralph---norman]
SC,7,JSON candidate NOT on SWC: Adam Moye (R) [slug: adam---moye]
SD,At-Large,JSON candidate NOT on SWC: Jack Pittman (I) [slug: jack---pittman]
SD,At-Large,JSON candidate NOT on SWC: James Bialota (R) [slug: james---bialota]
TN,Senate,JSON candidate NOT on SWC: Yoshi Matthews (I) [slug: yoshi---matthews]
TN,Senate,JSON candidate NOT on SWC: Diana Onyejiaka (D) [slug: diana---onyejiaka]
TN,4,JSON candidate NOT on SWC: Patrick Larson (D) [slug: patrick---larson]
TN,4,JSON candidate NOT on SWC: Robert Arnold (R) [slug: robert---arnold]
TN,4,SWC candidate NOT in JSON: Jacob Anders (D) [slug: jacob---anders]
TN,5,JSON candidate NOT on SWC: Mike Cortese (D) [slug: mike---cortese]
TN,5,JSON candidate NOT on SWC: Charlie Hatcher (R) [slug: charlie---hatcher]
TN,5,JSON candidate NOT on SWC: Joyce Neal (D) [slug: joyce---neal]
TN,6,JSON candidate NOT on SWC: Mike Croley (D) [slug: mike---croley]
TN,6,JSON candidate NOT on SWC: Johnny Garrett (R) [slug: johnny---garrett]
TN,6,JSON candidate NOT on SWC: Craig Ballin (D) [slug: craig---ballin]
TN,6,JSON candidate NOT on SWC: Jacob Adams (R) [slug: jacob---adams]
TN,7,SWC candidate NOT in JSON: Jonathan Thorp (I) [slug: jonathan---thorp]
TN,8,JSON candidate NOT on SWC: William Wicker (D) [slug: william---wicker]
TN,9,JSON candidate NOT on SWC: James New (R) [slug: james---new]
TX,Senate,JSON candidate NOT on SWC: Jennifer Brown Gaines (I) [slug: jennifer---browngaines]
TX,Senate,Party mismatch for 'Theodore Brown Jr.': JSON=I SWC=?
TX,Senate,Party mismatch for 'Daniel Sims': JSON=I SWC=?
TX,5,JSON candidate NOT on SWC: Travis Edwards (R) [slug: travis---edwards]
TX,7,JSON candidate NOT on SWC: Gavin Solomon (R) [slug: gavin---solomon]
TX,7,Party mismatch for 'Espoir Ngabo': JSON=I SWC=?
TX,9,JSON candidate NOT on SWC: James Buford (R) [slug: james---buford]
TX,9,JSON candidate NOT on SWC: Al Green (D) [slug: al---green]
TX,10,JSON candidate NOT on SWC: Sarah Eckhardt (D) [slug: sarah---eckhardt]
TX,10,JSON candidate NOT on SWC: Tayhlor Coleman (D) [slug: tayhlor---coleman]
TX,10,JSON candidate NOT on SWC: Joshua Lovell (R) [slug: joshua---lovell]
TX,15,JSON candidate NOT on SWC: Ponciano Garcia (R) [slug: ponciano---garcia]
TX,18,JSON candidate NOT on SWC: Allen Berry (R) [slug: allen---berry]
TX,18,SWC candidate NOT in JSON: Al Green (D) [slug: al---green]
TX,19,JSON candidate NOT on SWC: Christopher Adams (R) [slug: christopher---adams]
TX,21,JSON candidate NOT on SWC: Matthew Okerson (R) [slug: matthew---okerson]
TX,21,SWC candidate NOT in JSON: Javi Andrade (D) [slug: javi---andrade]
TX,22,JSON candidate NOT on SWC: Jacey Jetton (R) [slug: jacey---jetton]
TX,22,Name mismatch (same slug 'trever---nehls'): JSON='Trever Nehls' SWC='Troy Nehls'
TX,23,JSON candidate NOT on SWC: Patti Hale-Ashe (I) [slug: patti---hale-ashe]
TX,24,JSON candidate NOT on SWC: Nathan Hawks (D) [slug: nathan---hawks]
TX,24,JSON candidate NOT on SWC: Aaron Hendley (D) [slug: aaron---hendley]
TX,28,JSON candidate NOT on SWC: Juan Esparza (R) [slug: juan---esparza]
TX,28,JSON candidate NOT on SWC: Marlon Duran (I) [slug: marlon---duran]
TX,30,JSON candidate NOT on SWC: Cody Nickson (R) [slug: cody---nickson]
TX,30,JSON candidate NOT on SWC: Stephani Reazor (R) [slug: stephani---reazor]
TX,31,Party mismatch for 'Gregory Stoker': JSON=I SWC=?
TX,32,JSON candidate NOT on SWC: Julie Johnson (D) [slug: julie--johnson]
TX,32,JSON candidate NOT on SWC: Tobey Pearson (R) [slug: tobey---pearson]
TX,32,JSON candidate NOT on SWC: Zain Shaito (R) [slug: zain---shaito]
TX,32,JSON candidate NOT on SWC: Colin Allred (D) [slug: colin---allred]
TX,32,JSON candidate NOT on SWC: Ryan Binkley (R) [slug: ryan---binkley]
TX,32,JSON candidate NOT on SWC: Eric Niehaus (R) [slug: eric---niehaus]
TX,33,JSON candidate NOT on SWC: Carlos Quintanilla (D) [slug: carlos---quintanilla]
TX,33,SWC candidate NOT in JSON: Julie Johnson (D) [slug: julie--johnson]
TX,33,SWC candidate NOT in JSON: Colin Allred (D) [slug: colin---allred]
TX,34,JSON candidate NOT on SWC: Mauro Garza (R) [slug: mauro---everett---garza]
TX,34,JSON candidate NOT on SWC: Mario Morales (R) [slug: mario---morales]
TX,35,JSON candidate NOT on SWC: Greg Casar (D) [slug: greg---casar]
TX,37,JSON candidate NOT on SWC: Lloyd Doggett (D) [slug: lloyd---doggett]
TX,37,JSON candidate NOT on SWC: Janet Malzahn (R) [slug: janet---malzahn]
TX,37,JSON candidate NOT on SWC: James Kinney (I) [slug: james---kinney]
TX,37,JSON candidate NOT on SWC: Soren Pendragon (D) [slug: soren---pendragon]
TX,37,SWC candidate NOT in JSON: Greg Casar (D) [slug: greg---casar]
TX,38,JSON candidate NOT on SWC: Donald Hilborn (D) [slug: donald---hilborn]
TX,38,SWC candidate NOT in JSON: Avery Ayers (R) [slug: avery---ayers]
TX,38,Party mismatch for 'Alex Mcmenemy': JSON=I SWC=?
UT,1,JSON candidate NOT on SWC: Kathleen Riebe (D) [slug: kathleen---riebe]
UT,1,JSON candidate NOT on SWC: Derek Kitchen (D) [slug: derek---kitchen]
UT,1,JSON candidate NOT on SWC: Liban Mohamed (D) [slug: liban---mohamed]
UT,1,JSON candidate NOT on SWC: Kye Hinckley (D) [slug: kye---hinckley]
UT,1,JSON candidate NOT on SWC: Eva Lopez Chavez (D) [slug: eva---lopezchavez]
UT,1,SWC candidate NOT in JSON: Ben McAdams (D) [slug: ben---mcadams]
UT,2,JSON candidate NOT on SWC: Ian Parrish (D) [slug: ian---parrish]
UT,2,JSON candidate NOT on SWC: Jarom Gillins (D) [slug: jarom---gillins]
UT,2,SWC candidate NOT in JSON: Karianne Lisonbee (R) [slug: karianne---lisonbee]
UT,3,JSON candidate NOT on SWC: Kent Udell (D) [slug: kent---udell]
UT,3,SWC candidate NOT in JSON: Phillip Lyman (R) [slug: phillip---lyman]
UT,4,JSON candidate NOT on SWC: Ty Jensen (R) [slug: ty---jensen]
UT,4,JSON candidate NOT on SWC: Ben McAdams (D) [slug: ben---mcadams]
UT,4,JSON candidate NOT on SWC: Steven Burt (I) [slug: steven---burt]
VA,Senate,JSON candidate NOT on SWC: Bryce Reeves (R) [slug: bryce---reeves]
VA,Senate,SWC candidate NOT in JSON: Aldous Mina (R) [slug: aldous---mina]
VA,Senate,SWC candidate NOT in JSON: Bert Mizusawa (R) [slug: bert---mizusawa]
VA,1,JSON candidate NOT on SWC: Jacob Roginsky (D) [slug: jacob---roginsky]
VA,2,JSON candidate NOT on SWC: Makiba Gaines (I) [slug: makiba---gaines]
VA,2,JSON candidate NOT on SWC: Devinche Albritton (I) [slug: devinche---albritton]
VA,2,JSON candidate NOT on SWC: Michael Williamson (D) [slug: michael---williamson]
VA,5,JSON candidate NOT on SWC: Cooke Harvey (I) [slug: cooke---harvey]
VA,5,JSON candidate NOT on SWC: Adele Stichel (D) [slug: adele---stichel]
VA,5,JSON candidate NOT on SWC: Gabriella Bedsworth (D) [slug: gabriella---bedsworth]
VA,7,SWC candidate NOT in JSON: Joseph Cooney (D) [slug: joseph---cooney]
VA,7,SWC candidate NOT in JSON: Dorothy Mcauliffe (D) [slug: dorothy---mcauliffe]
VA,9,JSON candidate NOT on SWC: Michael Jackson (I) [slug: michael---jackson]
VA,10,Name mismatch (same slug 'm---wong'): JSON='M. Wong' SWC='Sam Wong'
VA,11,JSON candidate NOT on SWC: Daniel Lee (D) [slug: daniel---lee]
VI,At-Large,SWC candidate NOT in JSON: Delia Smith (D) [slug: delia---smith]
WA,1,SWC candidate NOT in JSON: James Etzkorn (I) [slug: james---etzkorn]
WA,3,JSON candidate NOT on SWC: Lawrence Kellogg (R) [slug: lawrence---kellogg]
WA,3,SWC candidate NOT in JSON: Wadi Yakhour (R) [slug: wadi---yakhour]
WA,3,Party mismatch for 'Antony Barran': JSON=R SWC=?
WA,6,SWC candidate NOT in JSON: Leon Lawson (R) [slug: leon---lawson]
WA,8,JSON candidate NOT on SWC: Spencer Meline (R) [slug: spencer---meline]
WA,9,SWC candidate NOT in JSON: Clifford Greene (R) [slug: clifford---greene]
WA,38,JSON candidate NOT on SWC: David Oswald (I) [slug: david---oswald]
WI,2,SWC candidate NOT in JSON: Erik Olsen (R) [slug: erik---olsen]
WI,3,JSON candidate NOT on SWC: Laura Benjamin (D) [slug: laura---benjamin]
WI,3,JSON candidate NOT on SWC: Jayte Welch (I) [slug: jayte---welch]
WI,4,SWC candidate NOT in JSON: Purnima Nath (R) [slug: purnima---nath]
WI,5,SWC candidate NOT in JSON: Ben Steinhoff (D) [slug: ben---steinhoff]
WI,6,JSON candidate NOT on SWC: Jonathan Peetz (R) [slug: jonathan---peetz]
WV,Senate,SWC candidate NOT in JSON: Janet Mcnulty (R) [slug: janet---mcnulty]
WV,1,JSON candidate NOT on SWC: Vincent George (D) [slug: vincent---george]
WV,2,JSON candidate NOT on SWC: Patrick Carney (I) [slug: patrick---carney]
WV,2,JSON candidate NOT on SWC: Lillyauna Hershman (D) [slug: lillyauna---hershman]
WY,Senate,JSON candidate NOT on SWC: Reid Rasner (R) [slug: reid---rasner]
WY,Senate,SWC candidate NOT in JSON: Harriet Hageman (R) [slug: harriet---hageman]
WY,At-Large,JSON candidate NOT on SWC: Harriet Hageman (R) [slug: harriet---hageman]
WY,At-Large,JSON candidate NOT on SWC: Daniel Workman (I) [slug: daniel---workman]
WY,At-Large,SWC candidate NOT in JSON: Reid Rasner (R) [slug: reid---rasner]
WY,At-Large,SWC candidate NOT in JSON: Dennis Biteman II (R) [slug: dennis---biteman]
WY,At-Large,SWC candidate NOT in JSON: Kevin Christensen (R) [slug: kevin---christensen]
